n008370,type4
n001284,type4
n001144,type5
n003317,type3
n006658,type4
n008358,type6
n007812,type6
n001398,type4
n003022,type4
n007033,type4
n003111,type5
n001740,type4
n009046,type4
n005237,type4
n007841,type4
n008388,type5
n006555,type4
n003955,type4
n005094,type5
n002249,type4
n004851,type4
n008087,type4
n003405,type4
n003365,type5
n008291,type4
n007338,type4
n008968,type4
n005221,type4
n006069,type4
n007132,type4
n005595,type4
n004168,type4
n003388,type4
n007119,type4
n002217,type4
n001510,type4
n008554,type4
n005299,type4
n001451,type5
n008323,type4
n008737,type4
n005561,type5
n008611,type4
n004378,type4
n007237,type4
n008893,type5
n000052,type4
n008979,type5
n001349,type3
n003500,type5
n008851,type4
n004489,type4
n009180,type4
n003913,type4
n000930,type4
n002366,type4
n007409,type4
n001191,type4
n005774,type4
n002224,type4
n000031,type5
n008871,type4
n000927,type4
n001887,type6
n007004,type4
n008143,type3
n000402,type4
n000085,type5
n007253,type4
n002677,type4
n000046,type5
n003086,type4
n003047,type5
n007563,type4
n006875,type5
n002676,type4
n007692,type5
n006030,type4
n005567,type4
n004877,type5
n004481,type4
n002545,type4
n004190,type3
n007053,type4
n008684,type4
n007226,type4
n000360,type4
n006610,type4
n006906,type6
n004493,type4
n004825,type5
n005992,type5
n005583,type4
n005498,type5
n008623,type4
n007600,type4
n008879,type4
n008935,type4
n008962,type4
n002718,type4
n007748,type4
n007910,type5
n003464,type4
n000828,type4
n005729,type4
n001773,type5
n008180,type4
n008207,type5
n004724,type5
n003505,type5
n005684,type4
n003397,type4
n003503,type4
n000544,type4
n000976,type4
n002378,type5
n001339,type4
n006022,type6
n002778,type4
n005575,type3
n002388,type4
n000318,type4
n001381,type5
n006014,type5
n005495,type4
n007966,type5
n005967,type4
n007932,type6
n001230,type4
n000925,type4
n008934,type4
n006803,type4
n008806,type6
n005396,type4
n007219,type5
n002439,type4
n004917,type4
n006270,type6
n006462,type5
n000732,type4
n007580,type5
n007904,type5
n001207,type5
n002354,type5
n007243,type4
n008378,type4
n002940,type4
n008730,type5
n006195,type4
n005426,type4
n002691,type3
n002881,type4
n001768,type4
n004032,type4
n000254,type5
n002374,type5
n004824,type6
n008157,type4
n008790,type4
n002038,type5
n002939,type4
n005009,type4
n006467,type4
n001707,type4
n008048,type4
n000605,type4
n004537,type4
n003400,type4
n007383,type4
n007942,type6
n006764,type5
n005834,type6
n007999,type4
n005002,type5
n009142,type5
n005604,type4
n003885,type4
n004713,type4
n008817,type4
n004558,type5
n000831,type5
n008252,type5
n004947,type5
n000062,type4
n000190,type4
n007037,type4
n001793,type4
n001268,type6
n008285,type4
n000834,type6
n008450,type5
n006043,type4
n006557,type5
n003859,type4
n004653,type4
n000304,type5
n004922,type4
n007667,type5
n003245,type5
n000369,type4
n001413,type4
n006282,type4
n000975,type4
n005521,type4
n006425,type5
n004650,type4
n005262,type5
n005962,type4
n007351,type5
n001117,type4
n007064,type4
n005620,type4
n004051,type4
n007376,type5
n008898,type5
n007787,type4
n001678,type5
n000980,type5
n004645,type5
n000924,type4
n003284,type4
n004747,type5
n004205,type5
n007493,type4
n002634,type1
n006812,type4
n001029,type4
n007280,type4
n005809,type4
n008001,type3
n002962,type4
n004149,type4
n007161,type4
n006628,type5
n004417,type4
n006723,type5
n006761,type5
n002858,type3
n001008,type4
n001834,type5
n001914,type4
n008978,type3
n001686,type4
n007522,type5
n004623,type4
n003604,type4
n000522,type4
n001113,type4
n000949,type4
n001646,type4
n000557,type4
n007266,type4
n008128,type5
n001475,type4
n007676,type4
n006269,type5
n008076,type4
n009183,type4
n006183,type4
n007481,type5
n002782,type5
n005924,type4
n004307,type4
n006326,type4
n001138,type6
n006309,type4
n003809,type4
n000242,type5
n003539,type6
n004820,type3
n006448,type5
n006576,type4
n003966,type4
n002565,type5
n005248,type4
n008102,type4
n000389,type4
n004160,type4
n001885,type4
n007758,type4
n008332,type4
n008952,type5
n000161,type4
n004822,type3
n003638,type4
n005802,type4
n003620,type3
n000070,type4
n005404,type4
n001693,type4
n008616,type5
n007340,type5
n005507,type4
n008461,type4
n008634,type4
n006522,type4
n004125,type4
n008633,type5
n003736,type4
n001750,type5
n005240,type4
n005866,type4
n002356,type4
n000343,type4
n000184,type5
n003827,type4
n008849,type4
n002437,type5
n003673,type3
n008103,type4
n008417,type4
n004480,type5
n008830,type4
n008079,type5
n000260,type4
n005537,type4
n001983,type4
n004835,type5
n002422,type4
n001513,type4
n007065,type5
n004437,type4
n000797,type4
n007112,type4
n004602,type4
n006853,type5
n002943,type4
n005022,type4
n000616,type4
n002113,type6
n006202,type4
n008837,type5
n008936,type4
n006974,type5
n009251,type4
n006771,type5
n005610,type6
n002867,type4
n005626,type4
n008842,type4
n005485,type5
n007713,type4
n008411,type4
n005437,type4
n006651,type4
n000861,type4
n004072,type4
n007055,type5
n006549,type4
n006085,type5
n007035,type3
n007251,type5
n002406,type5
n007929,type4
n005930,type3
n006985,type4
n009182,type5
n006850,type4
n001577,type5
n006246,type4
n000124,type4
n001821,type4
n009054,type4
n002174,type3
n000510,type4
n005778,type5
n005254,type4
n009035,type4
n004170,type4
n008917,type5
n006066,type4
n000474,type5
n003395,type4
n000302,type5
n002809,type4
n002850,type4
n008945,type5
n004178,type5
n003296,type5
n000233,type5
n000626,type6
n000171,type5
n004100,type5
n007473,type4
n003243,type6
n003504,type5
n003601,type3
n002178,type4
n007479,type4
n002072,type5
n005331,type4
n005812,type5
n006912,type3
n002271,type4
n002536,type4
n000691,type5
n006054,type4
n001839,type4
n002453,type4
n006872,type4
n000501,type5
n003003,type4
n001966,type4
n002496,type5
n000941,type4
n000525,type5
n000338,type4
n001345,type4
n003380,type3
n005953,type3
n004368,type4
n003345,type5
n007961,type4
n001474,type5
n000590,type3
n001258,type4
n003925,type4
n004535,type4
n008715,type4
n002203,type4
n003856,type3
n000539,type5
n002314,type4
n001270,type4
n006736,type3
n009066,type5
n001852,type4
n007754,type4
n006688,type4
n004038,type4
n001641,type4
n002457,type3
n000112,type4
n001609,type4
n001215,type4
n008523,type4
n006703,type4
n008610,type5
n001194,type4
n002020,type4
n009036,type4
n003085,type5
n003579,type4
n008493,type4
n006847,type5
n003409,type4
n001169,type5
n006481,type4
n001050,type4
n001654,type4
n008895,type4
n006638,type4
n006854,type5
n003834,type4
n009230,type5
n003262,type4
n008573,type5
n004227,type5
n000606,type4
n008712,type4
n008544,type4
n006649,type5
n001692,type5
n001180,type5
n005128,type5
n002005,type4
n006167,type4
n005116,type4
n004836,type4
n003153,type3
n007953,type5
n006807,type4
n006315,type5
n003229,type5
n007091,type4
n002326,type4
n007776,type5
n000917,type5
n001581,type4
n008556,type5
n001691,type4
n002618,type4
n005579,type5
n003398,type4
n003518,type4
n008096,type3
n007790,type4
n007212,type5
n006349,type4
n004330,type4
n003470,type5
n002498,type4
n004700,type4
n009018,type4
n008448,type5
n007870,type5
n004778,type4
n000334,type4
n009227,type4
n007149,type4
n001479,type5
n005736,type5
n002859,type5
n003667,type4
n007941,type6
n003994,type5
n002795,type4
n002180,type4
n003846,type5
n003658,type4
n000370,type6
n005368,type5
n009008,type4
n000509,type4
n004002,type4
n002948,type3
n003360,type4
n009072,type5
n002662,type4
n000574,type4
n003381,type3
n003783,type5
n001494,type4
n008910,type3
n003322,type3
n007437,type5
n003171,type5
n006589,type4
n004297,type5
n000636,type4
n000305,type3
n003854,type4
n005236,type6
n006889,type4
n001661,type4
n008647,type4
n007085,type5
n002495,type4
n001026,type4
n001164,type5
n007102,type5
n003407,type4
n008150,type6
n001103,type5
n001989,type4
n000668,type4
n008964,type4
n008177,type5
n006311,type4
n002296,type5
n002925,type4
n008815,type4
n008032,type5
n000355,type4
n008956,type4
n001926,type5
n005867,type4
n007646,type3
n007230,type5
n003364,type5
n007625,type5
n006842,type5
n005062,type5
n000017,type5
n005005,type4
n009262,type5
n002615,type5
n007411,type6
n008100,type4
n002901,type4
n004462,type4
n001217,type4
n009108,type6
n008344,type4
n003039,type4
n002148,type5
n001779,type4
n001089,type4
n008400,type4
n002616,type5
n006016,type5
n005309,type4
n004715,type5
n005416,type3
n007759,type4
n007036,type5
n001540,type4
n000982,type4
n002017,type4
n007901,type4
n000724,type4
n000163,type4
n004151,type4
n004334,type5
n007093,type4
n002023,type4
n008165,type4
n002595,type4
n006507,type6
n002228,type5
n000224,type4
n005432,type5
n003369,type4
n007056,type5
n001894,type4
n004343,type4
n007249,type4
n004104,type6
n002518,type5
n003165,type4
n008744,type4
n000486,type4
n006466,type4
n004195,type4
n004600,type5
n003432,type4
n007560,type4
n004534,type4
n002946,type4
n002088,type4
n008312,type4
n005691,type5
n008161,type4
n009132,type4
n000234,type4
n000373,type4
n005681,type6
n004150,type4
n004960,type5
n004409,type4
n000116,type5
n005170,type4
n002350,type3
n007604,type4
n002275,type4
n001948,type4
n001489,type4
n003118,type5
n004758,type4
n007856,type5
n008401,type4
n007094,type4
n005921,type4
n004827,type4
n005844,type4
n001306,type4
n002567,type5
n008299,type4
n000549,type6
n007297,type4
n008780,type4
n006544,type4
n000614,type4
n000563,type4
n005452,type5
n006738,type4
n000420,type4
n003623,type5
n005059,type4
n002839,type4
n003807,type5
n005663,type4
n004972,type3
n006682,type5
n009219,type5
n004903,type4
n006759,type4
n000963,type4
n002744,type5
n002791,type4
n004464,type5
n006095,type4
n004589,type4
n003822,type4
n008250,type6
n003918,type5
n005769,type4
n005678,type4
n000789,type4
n007687,type3
n008094,type6
n005605,type6
n002697,type4
n005840,type4
n005798,type5
n003551,type4
n004636,type5
n002990,type4
n007529,type6
n005653,type4
n002413,type5
n002983,type5
n004024,type4
n000904,type5
n003202,type5
n000733,type4
n009240,type4
n005985,type5
n007550,type4
n007574,type4
n006748,type4
n004102,type5
n002629,type5
n006142,type5
n000315,type5
n000201,type5
n007154,type5
n007054,type3
n003200,type5
n002262,type4
n003672,type5
n008825,type5
n002698,type4
n000761,type5
n002801,type4
n001596,type5
n006515,type5
n002489,type4
n003207,type4
n005383,type4
n000959,type4
n005780,type4
n007863,type4
n005852,type5
n009030,type4
n003299,type4
n005817,type5
n004868,type4
n000651,type3
n008233,type4
n003598,type5
n003261,type5
n006317,type4
n003046,type5
n000211,type4
n002448,type4
n007821,type4
n004974,type4
n002250,type5
n002705,type4
n006008,type4
n007558,type4
n004229,type4
n006116,type5
n002674,type5
n003718,type4
n004970,type4
n009163,type4
n006325,type4
n000591,type4
n005449,type4
n006583,type4
n006608,type4
n004476,type4
n008875,type4
n009127,type3
n005462,type6
n007515,type4
n004823,type4
n004167,type4
n008476,type5
n004155,type4
n007072,type3
n008793,type4
n006249,type5
n008339,type4
n007393,type3
n008307,type5
n001232,type4
n003630,type5
n002619,type4
n006929,type4
n003669,type5
n002440,type4
n002079,type5
n000366,type5
n006434,type4
n005121,type4
n000908,type4
n000756,type3
n008349,type4
n009004,type5
n000018,type4
n006368,type4
n005471,type4
n000208,type5
n001957,type4
n008561,type4
n006402,type4
n007084,type5
n002033,type4
n003190,type4
n003806,type5
n004578,type4
n008377,type4
n001384,type5
n002294,type5
n009069,type4
n001404,type5
n006632,type4
n009145,type3
n001165,type5
n004231,type4
n009205,type5
n007485,type5
n006554,type5
n007028,type5
n001017,type4
n001294,type4
n007794,type4
n006155,type4
n005398,type4
n007557,type4
n000547,type5
n008927,type4
n004369,type4
n006274,type4
n005008,type3
n007795,type4
n008501,type5
n006380,type4
n001297,type4
n002798,type4
n006791,type4
n006539,type5
n008775,type5
n007452,type5
n001018,type4
n000339,type5
n000763,type4
n005204,type4
n008677,type4
n000033,type5
n006949,type5
n004143,type4
n007363,type5
n000481,type4
n004510,type4
n008058,type4
n000497,type6
n003264,type4
n001929,type4
n006266,type5
n005540,type5
n001797,type4
n008018,type4
n004238,type5
n000352,type4
n002138,type5
n002800,type5
n002538,type3
n006936,type4
n000777,type5
n003508,type6
n004897,type4
n005070,type6
n003608,type4
n005061,type5
n004252,type4
n002312,type5
n000587,type4
n001856,type5
n000589,type4
n000743,type4
n002678,type4
n005557,type4
n002564,type5
n006562,type4
n005548,type4
n000399,type4
n003429,type4
n004779,type6
n001241,type6
n006737,type4
n002487,type4
n005465,type5
n004699,type4
n007116,type4
n004512,type4
n004605,type5
n004223,type5
n006819,type6
n008319,type4
n003812,type4
n006540,type3
n006223,type6
n008884,type5
n007641,type6
n008981,type5
n002627,type5
n004358,type4
n003507,type5
n000645,type4
n008246,type5
n005376,type5
n002283,type5
n008575,type5
n007615,type4
n008904,type4
n006883,type4
n006029,type4
n004241,type5
n000675,type6
n007173,type6
n007608,type5
n006300,type4
n006798,type5
n003987,type4
n002199,type4
n007095,type4
n006209,type5
n005256,type4
n006305,type4
n002189,type5
n008042,type4
n008097,type4
n001705,type4
n000762,type5
n004029,type6
n001567,type4
n002423,type5
n001353,type4
n007732,type4
n004255,type4
n001024,type4
n006175,type4
n009051,type5
n001168,type4
n001663,type5
n005679,type5
n008646,type5
n005932,type3
n006552,type6
n007917,type4
n006656,type4
n002307,type5
n007647,type4
n008894,type4
n003198,type4
n003172,type5
n008624,type4
n004603,type6
n007233,type4
n003875,type4
n005800,type5
n005084,type4
n001307,type5
n000676,type4
n007674,type4
n002403,type4
n001873,type4
n007884,type5
n007192,type4
n001269,type4
n002273,type5
n006675,type4
n004328,type4
n005933,type5
n004020,type4
n000265,type4
n004090,type5
n003904,type4
n001188,type4
n001366,type5
n006886,type4
n005641,type4
n008214,type3
n005335,type5
n008228,type4
n003383,type4
n003698,type6
n003950,type5
n004214,type4
n006144,type4
n007813,type4
n002144,type4
n000748,type5
n009062,type4
n005214,type5
n000449,type5
n005308,type4
n001599,type4
n005305,type4
n002734,type5
n001741,type5
n007610,type3
n008098,type4
n005029,type5
n000446,type4
n006307,type4
n003755,type5
n000418,type4
n003152,type5
n006690,type4
n006902,type5
n008569,type4
n003328,type6
n005215,type4
n003443,type4
n001478,type6
n002733,type4
n005818,type5
n008203,type4
n003156,type4
n008701,type4
n005266,type5
n002155,type4
n005676,type3
n003860,type4
n003108,type5
n003599,type3
n009196,type5
n001695,type4
n003597,type4
n009024,type5
n003129,type4
n003213,type4
n008577,type4
n001244,type4
n001810,type4
n005302,type4
n003128,type4
n002269,type5
n000176,type4
n002993,type4
n002134,type4
n004191,type4
n007809,type4
n003302,type4
n006396,type4
n007862,type4
n009125,type4
n008398,type4
n008603,type4
n004531,type6
n003625,type3
n007097,type5
n003681,type4
n007782,type4
n004077,type4
n004984,type5
n000582,type4
n002695,type4
n004775,type6
n002816,type4
n007803,type3
n003757,type6
n002438,type4
n004742,type4
n007833,type4
n006348,type4
n005464,type4
n008064,type4
n004839,type5
n005487,type4
n000492,type4
n001801,type4
n001251,type4
n009116,type4
n001975,type4
n003263,type5
n002055,type5
n000263,type5
n006225,type3
n006020,type4
n000896,type6
n004383,type4
n007911,type5
n002829,type4
n009253,type4
n004197,type4
n002934,type5
n003684,type5
n009210,type5
n001221,type4
n001356,type4
n008918,type4
n002607,type4
n007681,type5
n004026,type4
n001047,type5
n006680,type5
n008663,type4
n005948,type4
n002365,type3
n007744,type5
n001862,type6
n001879,type4
n003012,type5
n005261,type4
n005466,type4
n006501,type4
n006217,type5
n001344,type4
n008080,type4
n000895,type4
n008413,type4
n004939,type5
n004341,type4
n002817,type4
n006457,type4
n008515,type4
n004314,type4
n001787,type5
n007449,type4
n003738,type4
n009015,type5
n001543,type5
n003174,type4
n003887,type3
n007408,type4
n001333,type4
n006806,type4
n003161,type4
n006071,type4
n001096,type4
n007913,type5
n003114,type5
n001553,type4
n009087,type4
n003691,type4
n009085,type4
n000920,type4
n001415,type4
n004463,type5
n007525,type4
n005861,type5
n001454,type4
n007421,type4
n003648,type4
n000786,type4
n004037,type4
n000458,type5
n003130,type4
n002762,type5
n003252,type5
n002601,type4
n008139,type4
n009169,type5
n006354,type5
n009237,type4
n001714,type4
n003209,type4
n003758,type5
n002480,type1
n002954,type4
n007745,type5
n006856,type5
n001754,type5
n007946,type4
n004874,type4
n001833,type5
n000386,type4
n006418,type5
n003154,type3
n007148,type4
n001185,type4
n002679,type4
n007202,type4
n003874,type5
n000576,type4
n003933,type4
n002204,type4
n001584,type4
n004054,type4
n005900,type4
n000795,type5
n005588,type4
n008288,type4
n002916,type5
n007181,type4
n006862,type4
n006899,type5
n004554,type4
n005562,type5
n006235,type4
n003250,type5
n007859,type4
n007281,type2
n001767,type4
n003044,type4
n002467,type4
n003912,type4
n003192,type5
n008498,type4
n006852,type4
n001453,type4
n005455,type4
n006874,type4
n007800,type4
n004034,type4
n007636,type4
n002051,type4
n006542,type4
n002736,type4
n008739,type3
n006426,type4
n004158,type5
n005413,type3
n008220,type4
n002287,type4
n002650,type4
n009200,type4
n001282,type3
n002806,type3
n003555,type4
n000701,type5
n003370,type3
n009010,type4
n003754,type4
n003474,type4
n001276,type4
n000793,type4
n009278,type3
n007070,type4
n003265,type4
n002045,type5
n000239,type4
n003043,type4
n009029,type5
n002415,type3
n004347,type5
n004648,type4
n000290,type3
n006404,type4
n006320,type4
n004154,type4
n001076,type4
n006459,type4
n007772,type4
n000205,type5
n001236,type4
n003033,type5
n008510,type5
n009155,type4
n002127,type4
n006918,type4
n006701,type5
n002646,type4
n007756,type3
n003970,type4
n002154,type4
n005911,type4
n006055,type4
n007314,type5
n000025,type4
n005898,type4
n005167,type4
n008865,type4
n003627,type5
n003007,type4
n000273,type4
n001701,type3
n006105,type4
n007797,type4
n000445,type4
n007584,type4
n003993,type5
n009023,type4
n002497,type1
n006976,type4
n002539,type4
n005109,type4
n004571,type4
n003686,type4
n000996,type4
n005013,type4
n003740,type4
n004152,type4
n001832,type4
n001503,type5
n004618,type4
n005438,type4
n004360,type4
n000723,type5
n002349,type4
n002947,type4
n006313,type5
n008468,type4
n005570,type4
n007502,type5
n007458,type5
n005524,type5
n008527,type5
n004829,type4
n001261,type4
n007462,type5
n004565,type4
n002265,type5
n003323,type5
n008040,type4
n004363,type5
n000140,type4
n002477,type4
n000926,type4
n001010,type4
n005197,type4
n006475,type5
n002226,type5
n003926,type4
n007573,type4
n007150,type4
n005851,type4
n001370,type4
n002848,type4
n000937,type4
n005307,type4
n002928,type4
n005162,type4
n001939,type4
n005990,type4
n003334,type5
n006788,type4
n007804,type4
n003196,type5
n006255,type5
n008442,type3
n002984,type4
n005788,type4
n004998,type4
n000660,type4
n001317,type5
n002687,type4
n000502,type4
n007223,type4
n001412,type5
n006474,type4
n007623,type5
n002317,type4
n006752,type6
n008782,type4
n005433,type4
n001936,type4
n001688,type4
n008310,type4
n007306,type4
n004543,type3
n007208,type4
n007177,type5
n005045,type4
n007850,type4
n009274,type3
n002247,type4
n008172,type3
n000778,type4
n006389,type4
n008244,type4
n004626,type6
n004562,type4
n008507,type5
n004776,type5
n000598,type4
n007704,type4
n001968,type4
n006026,type4
n006185,type4
n000807,type4
n006785,type5
n004172,type5
n007399,type4
n001254,type6
n006101,type5
n005770,type4
n006520,type4
n007545,type4
n009159,type4
n003496,type4
n005350,type4
n005341,type4
n000257,type5
n006158,type4
n003870,type4
n004521,type4
n006691,type4
n000669,type4
n008767,type4
n006920,type4
n008779,type4
n008902,type4
n002065,type4
n000026,type4
n002590,type4
n006049,type4
n007836,type4
n008880,type4
n003791,type4
n008733,type4
n000883,type4
n001023,type4
n002772,type4
n001802,type5
n007928,type4
n002445,type4
n007618,type4
n009197,type4
n003721,type4
n008592,type5
n000559,type5
n003876,type4
n003591,type4
n002066,type6
n006814,type4
n003306,type4
n002468,type5
n005820,type5
n009207,type4
n000432,type4
n005218,type3
n008324,type4
n008668,type4
n006963,type5
n007654,type6
n005105,type5
n000489,type4
n002836,type4
n002139,type5
n005989,type5
n006999,type4
n003679,type5
n001388,type6
n002466,type4
n001823,type4
n004061,type4
n000514,type5
n007199,type4
n002796,type4
n007688,type4
n003355,type6
n007115,type4
n005235,type4
n003414,type4
n002004,type5
n006254,type5
n007978,type4
n006213,type5
n008382,type3
n007477,type4
n004093,type4
n004156,type4
n001920,type4
n001851,type4
n007284,type4
n001643,type4
n003031,type4
n000578,type4
n000002,type4
n004225,type5
n007549,type4
n003057,type6
n005371,type4
n007320,type5
n009119,type5
n003991,type4
n001052,type4
n003864,type4
n008049,type4
n004119,type5
n002305,type4
n008857,type5
n006133,type4
n004669,type4
n006903,type4
n001625,type4
n007339,type4
n007010,type4
n000634,type3
n006630,type5
n001004,type4
n000742,type4
n008850,type4
n001359,type4
n004442,type4
n003610,type4
n007634,type4
n007553,type5
n006923,type5
n003674,type4
n008149,type4
n006308,type4
n000984,type4
n002918,type4
n003903,type5
n006668,type4
n009079,type5
n008316,type4
n004499,type4
n005436,type3
n009172,type4
n006521,type5
n004953,type4
n002132,type4
n006624,type4
n002520,type3
n009279,type4
n008617,type4
n004544,type4
n003113,type4
n004675,type4
n000716,type4
n008425,type4
n004204,type4
n009177,type3
n005339,type5
n009097,type5
n008043,type4
n001065,type4
n001322,type4
n005747,type4
n006042,type5
n005287,type5
n000133,type4
n007317,type4
n008579,type5
n004113,type4
n005787,type4
n005777,type4
n001905,type4
n005110,type5
n003122,type4
n004467,type4
n007985,type4
n007103,type5
n001938,type4
n004698,type4
n001897,type4
n002633,type3
n008985,type5
n003283,type4
n003324,type4
n008679,type5
n009139,type4
n006797,type4
n009092,type4
n008887,type4
n006057,type4
n007221,type4
n003139,type5
n001608,type5
n002447,type4
n005728,type5
n003121,type4
n003872,type4
n004444,type4
n003330,type4
n000744,type5
n001193,type4
n006064,type4
n006783,type4
n000089,type5
n002169,type6
n000157,type4
n003837,type4
n000655,type4
n002908,type4
n002831,type4
n003519,type4
n008086,type4
n007175,type5
n000256,type4
n001730,type5
n003652,type4
n009179,type4
n008412,type3
n004676,type4
n003351,type4
n005928,type4
n001626,type4
n007114,type4
n002491,type5
n002854,type4
n003695,type4
n002458,type4
n009006,type4
n000173,type5
n004739,type4
n004111,type4
n007585,type4
n006984,type4
n004258,type4
n008546,type4
n003435,type4
n000997,type5
n004415,type4
n005952,type4
n001558,type6
n009198,type4
n001552,type4
n002711,type5
n003833,type4
n005750,type5
n002293,type4
n001120,type6
n006212,type4
n003732,type4
n000125,type5
n004711,type5
n003053,type4
n009216,type3
n000687,type4
n009076,type5
n002759,type4
n006245,type4
n000798,type4
n002058,type5
n005034,type4
n000801,type5
n007620,type4
n006601,type5
n005481,type4
n005470,type4
n002966,type4
n002032,type5
n008914,type4
n001212,type4
n002709,type6
n004256,type5
n004081,type4
n001533,type5
n007927,type4
n004843,type4
n002313,type4
n009272,type5
n008185,type4
n004325,type5
n001140,type3
n005629,type4
n009222,type4
n002686,type4
n002971,type5
n006715,type4
n000365,type3
n001452,type5
n006484,type4
n002142,type4
n006019,type4
n001093,type5
n004507,type4
n007741,type4
n005138,type4
n002227,type4
n007027,type4
n007335,type5
n007990,type4
n006004,type4
n006637,type4
n002143,type5
n002042,type4
n001535,type4
n003249,type4
n000600,type4
n008174,type3
n005096,type4
n004342,type5
n007947,type5
n003208,type5
n002209,type4
n001541,type4
n002713,type6
n004978,type4
n007973,type5
n005217,type4
n004989,type4
n009238,type4
n001995,type4
n008541,type4
n005649,type4
n002379,type4
n006106,type4
n008731,type4
n001786,type4
n008208,type4
n007995,type4
n007526,type4
n008082,type4
n008116,type4
n000188,type4
n002047,type4
n000542,type5
n008520,type3
n002096,type4
n004934,type4
n008552,type4
n009174,type3
n000696,type4
n004254,type4
n003251,type4
n008454,type5
n006113,type4
n001332,type4
n005338,type4
n007205,type4
n008274,type5
n006284,type4
n004000,type5
n005141,type4
n004516,type5
n003225,type4
n004454,type4
n007194,type5
n005267,type5
n003340,type5
n006925,type4
n007134,type4
n003981,type4
n002952,type4
n008522,type4
n003068,type4
n009126,type4
n002108,type5
n000684,type3
n007725,type5
n001088,type4
n004582,type4
n004419,type5
n007125,type4
n000505,type4
n006256,type5
n006161,type4
n006153,type4
n005275,type4
n000244,type4
n007123,type4
n000455,type4
n000919,type4
n008311,type4
n004691,type4
n004532,type5
n006927,type5
n000989,type5
n000556,type1
n000586,type5
n007330,type4
n006172,type4
n006937,type4
n008665,type4
n005231,type4
n007331,type5
n003506,type3
n006356,type4
n007303,type4
n002892,type4
n007518,type5
n001602,type6
n003074,type5
n001496,type6
n006718,type3
n007775,type4
n004075,type3
n001100,type4
n006685,type4
n004873,type4
n006595,type3
n006575,type4
n007341,type4
n005895,type4
n002828,type5
n006036,type4
n004810,type6
n004169,type4
n005343,type5
n002152,type4
n001391,type4
n005805,type4
n004757,type5
n000248,type4
n002244,type5
n008297,type4
n008300,type4
n006339,type4
n002613,type4
n005198,type4
n004973,type5
n000813,type4
n008320,type4
n008292,type4
n008840,type4
n005722,type4
n002707,type5
n002960,type4
n004587,type4
n004471,type4
n003385,type4
n000270,type4
n007324,type4
n002391,type4
n005324,type5
n002208,type4
n006027,type4
n003342,type5
n007107,type5
n002750,type5
n004909,type4
n008796,type4
n001958,type4
n007472,type4
n001613,type4
n003556,type4
n005837,type4
n003787,type4
n000011,type4
n000245,type4
n002040,type4
n008191,type4
n002160,type4
n005263,type4
n001630,type4
n007868,type4
n006789,type5
n002559,type4
n008859,type4
n006835,type5
n007792,type4
n001942,type4
n002753,type4
n001916,type4
n006645,type4
n003818,type4
n001587,type4
n009082,type4
n008852,type4
n004023,type4
n000204,type4
n007660,type4
n009181,type4
n006859,type5
n000336,type3
n001487,type3
n006447,type4
n009140,type5
n008543,type4
n008460,type4
n002471,type4
n003671,type4
n006655,type4
n007918,type5
n006117,type5
n002324,type4
n001530,type4
n003026,type4
n001662,type4
n004726,type6
n003137,type4
n002358,type5
n008348,type5
n001684,type4
n005520,type5
n003774,type5
n001792,type4
n000954,type4
n003867,type4
n002784,type4
n006379,type4
n004373,type4
n005647,type4
n005599,type5
n005685,type4
n002887,type4
n000344,type3
n004808,type4
n005207,type4
n003034,type5
n003871,type4
n006694,type4
n003823,type4
n008423,type4
n005482,type4
n002211,type4
n002478,type4
n008924,type4
n002551,type5
n006432,type4
n003596,type4
n006204,type4
n006887,type4
n004912,type3
n007895,type4
n007382,type4
n007670,type4
n007289,type4
n006498,type4
n002668,type4
n007847,type4
n001597,type5
n006273,type5
n002242,type5
n002648,type4
n003838,type4
n004310,type5
n003354,type4
n003781,type5
n001473,type4
n004997,type4
n004581,type4
n004683,type5
n004320,type4
n004938,type4
n007743,type4
n000633,type4
n006041,type4
n005751,type4
n004508,type5
n004302,type5
n008926,type5
n008854,type4
n008789,type4
n008472,type3
n000175,type4
n003303,type4
n006643,type4
n002842,type4
n007575,type4
n006945,type4
n001979,type3
n001622,type5
n008455,type4
n001379,type4
n003226,type4
n004407,type4
n005920,type6
n006208,type5
n004924,type3
n005403,type3
n000663,type4
n002091,type4
n001528,type4
n008091,type4
n005558,type5
n006189,type5
n008066,type4
n006181,type4
n003624,type4
n007564,type3
n003813,type4
n003492,type4
n001874,type4
n006336,type4
n000441,type4
n005830,type4
n004458,type4
n004902,type4
n006765,type4
n003979,type5
n003622,type5
n003066,type4
n003048,type4
n007147,type5
n000815,type5
n006633,type4
n006131,type4
n002875,type4
n008357,type4
n002431,type4
n000477,type5
n007039,type5
n003167,type4
n008351,type4
n004276,type4
n004218,type4
n004475,type4
n006096,type4
n006926,type6
n000760,type5
n008899,type4
n000250,type4
n004649,type3
n006620,type4
n006420,type4
n000337,type3
n009154,type4
n000398,type4
n002936,type5
n004631,type4
n000154,type5
n006267,type4
n000243,type4
n006983,type5
n003582,type4
n000294,type5
n007536,type4
n006778,type6
n000538,type6
n003810,type4
n004431,type4
n006794,type4
n004280,type5
n000135,type5
n008242,type4
n001095,type4
n000427,type4
n009229,type5
n008217,type4
n006702,type4
n005337,type5
n008757,type5
n005714,type5
n007853,type4
n002688,type6
n003254,type4
n007396,type5
n003729,type4
n002805,type4
n008248,type5
n006579,type5
n004134,type4
n004794,type3
n002446,type4
n000274,type4
n006756,type4
n000611,type4
n001462,type4
n001350,type4
n007117,type6
n002871,type5
n001951,type4
n002427,type4
n007009,type4
n008713,type4
n000252,type5
n002240,type5
n007475,type4
n008659,type4
n005935,type3
n005149,type4
n002253,type5
n009192,type4
n001187,type4
n001531,type4
n003285,type4
n004138,type4
n007276,type4
n001735,type5
n000261,type4
n000571,type4
n002336,type4
n004759,type4
n003563,type3
n005021,type4
n006750,type4
n002386,type4
n003963,type3
n005943,type5
n000229,type4
n006214,type4
n001928,type4
n006207,type4
n007380,type6
n006739,type5
n000293,type5
n006094,type4
n001292,type4
n005882,type5
n008422,type4
n007165,type5
n005479,type5
n008142,type4
n005075,type4
n006206,type4
n006271,type4
n004017,type5
n001054,type4
n006693,type4
n005041,type4
n006366,type4
n002721,type4
n006726,type5
n007645,type4
n008678,type4
n009203,type4
n009104,type6
n003210,type4
n001119,type4
n001272,type4
n008688,type3
n001041,type4
n008059,type4
n000823,type4
n000697,type6
n004313,type5
n008077,type4
n004804,type4
n008833,type4
n006120,type5
n001104,type4
n003294,type4
n000288,type4
n005450,type5
n007401,type4
n005247,type4
n005773,type4
n005772,type4
n003471,type4
n004651,type4
n000615,type4
n004114,type4
n000279,type4
n009081,type4
n001519,type5
n006897,type4
n002190,type5
n005098,type4
n003119,type5
n002843,type5
n002419,type4
n002860,type5
n007465,type4
n008755,type4
n004656,type4
n003293,type4
n004894,type4
n000860,type4
n007535,type4
n000758,type4
n006251,type5
n002957,type4
n007492,type4
n006650,type4
n000117,type5
n002642,type4
n008138,type4
n008811,type4
n009137,type6
n000057,type5
n002771,type4
n005385,type4
n001262,type4
n004013,type4
n000232,type4
n007823,type5
n008117,type4
n006646,type6
n003824,type3
n000103,type4
n000705,type4
n002239,type5
n008975,type4
n007679,type4
n004337,type4
n004035,type4
n001598,type6
n000396,type4
n006408,type4
n008707,type4
n000146,type4
n008374,type4
n000392,type5
n008676,type4
n006135,type4
n002507,type4
n004527,type4
n000579,type4
n002003,type5
n005573,type4
n004604,type4
n007171,type4
n000513,type4
n007835,type4
n001824,type4
n001912,type5
n003260,type4
n003479,type4
n007831,type5
n005077,type4
n008901,type4
n003455,type4
n006411,type4
n005336,type5
n004866,type5
n009134,type4
n002670,type4
n006648,type4
n004506,type3
n000944,type5
n000935,type4
n004888,type4
n000306,type5
n005244,type4
n002147,type4
n007265,type4
n003448,type4
n005596,type4
n000791,type4
n006527,type3
n008714,type3
n005616,type4
n009040,type4
n002652,type4
n002830,type4
n001044,type4
n004682,type5
n007765,type3
n004821,type4
n006108,type4
n007126,type4
n004067,type5
n000090,type4
n009031,type4
n005696,type4
n005381,type4
n002751,type4
n008877,type4
n008009,type4
n008088,type5
n000330,type4
n007029,type4
n000350,type4
n005276,type4
n005000,type4
n000353,type5
n003595,type3
n007043,type4
n001465,type4
n005969,type3
n004570,type4
n004896,type4
n009243,type6
n005631,type4
n004722,type5
n000053,type4
n001621,type6
n008545,type4
n003466,type4
n000197,type4
n004153,type4
n005505,type4
n004969,type4
n007878,type4
n000700,type4
n001647,type4
n008860,type4
n004294,type5
n005686,type4
n002395,type4
n008555,type4
n002434,type6
n003772,type4
n007877,type4
n005912,type4
n007228,type5
n007255,type5
n004283,type4
n007811,type4
n008202,type4
n006086,type5
n005010,type3
n008831,type5
n003701,type4
n000071,type4
n009269,type4
n002997,type4
n002512,type6
n000708,type4
n006840,type4
n000156,type4
n003060,type4
n007819,type4
n006221,type4
n008709,type4
n007837,type5
n003035,type4
n002767,type4
n001867,type5
n001343,type5
n001376,type4
n008746,type5
n002306,type4
n002515,type4
n001245,type4
n005850,type5
n006219,type4
n008396,type4
n007220,type5
n002460,type4
n001266,type4
n008067,type5
n006898,type5
n004783,type3
n001829,type4
n004977,type4
n008341,type4
n001562,type4
n001130,type4
n001132,type4
n002874,type5
n006001,type4
n000518,type5
n006571,type4
n005285,type4
n000189,type4
n002219,type4
n001285,type4
n003179,type4
n002469,type5
n000434,type4
n003281,type4
n003275,type4
n007785,type4
n006941,type4
n003107,type3
n005771,type4
n007349,type5
n008057,type4
n000951,type4
n006224,type4
n000227,type4
n008784,type4
n001460,type4
n007680,type4
n008407,type4
n002102,type4
n007740,type4
n008643,type4
n007484,type4
n007164,type4
n000077,type5
n009187,type4
n007628,type4
n003723,type5
n005518,type4
n005517,type5
n006864,type4
n006410,type4
n006939,type4
n002524,type5
n000583,type4
n009162,type4
n008906,type4
n000868,type5
n002161,type5
n004929,type4
n002877,type5
n007523,type1
n007389,type4
n004805,type3
n006502,type4
n003032,type4
n003106,type4
n007478,type3
n008301,type5
n003362,type5
n000317,type4
n000889,type4
n001329,type4
n000878,type6
n008261,type4
n004003,type5
n002741,type5
n001025,type4
n002786,type5
n001110,type5
n004515,type4
n006450,type5
n008602,type4
n001355,type4
n004166,type4
n004365,type4
n003080,type4
n003315,type6
n005724,type5
n009211,type5
n005259,type4
n007287,type4
n002187,type5
n002774,type5
n005410,type5
n003687,type6
n006089,type4
n006710,type4
n000484,type3
n003847,type4
n000123,type4
n007528,type4
n001219,type4
n006194,type4
n000219,type4
n004552,type4
n001429,type5
n006711,type5
n000999,type4
n005826,type5
n008928,type5
n007488,type4
n004176,type4
n007689,type4
n007305,type4
n008008,type4
n007597,type4
n004246,type5
n003920,type4
n002944,type5
n006635,type6
n006009,type4
n001389,type4
n000063,type4
n000333,type5
n005063,type4
n004899,type4
n000097,type4
n004786,type4
n001551,type3
n006440,type4
n005089,type4
n006143,type4
n003240,type5
n004291,type5
n004954,type6
n004285,type4
n006618,type4
n001715,type4
n003454,type4
n009020,type4
n002529,type4
n006312,type5
n006865,type4
n009242,type4
n007083,type4
n000114,type4
n007882,type4
n001776,type4
n007691,type4
n007551,type4
n006647,type5
n008415,type4
n001538,type4
n005532,type4
n008215,type3
n006048,type4
n008749,type4
n003081,type4
n004863,type5
n002482,type4
n006946,type4
n001826,type3
n001036,type5
n001309,type4
n006623,type5
n007699,type4
n008557,type4
n003220,type4
n008473,type4
n003189,type4
n003063,type4
n004613,type4
n000209,type5
n004264,type4
n008137,type4
n002136,type3
n000465,type4
n006032,type4
n005081,type5
n000241,type5
n000688,type4
n009245,type4
n006234,type3
n006657,type4
n007167,type4
n005441,type4
n005407,type5
n001860,type4
n000454,type4
n000119,type6
n003766,type4
n002320,type5
n008807,type3
n004856,type4
n002123,type5
n000100,type4
n001458,type4
n006944,type4
n004060,type4
n000272,type4
n000126,type4
n000840,type5
n004027,type4
n001249,type5
n002373,type6
n005397,type3
n005549,type5
n006021,type4
n004601,type4
n004293,type5
n002632,type4
n005643,type4
n001362,type5
n005468,type4
n008628,type4
n002343,type4
n007728,type6
n005158,type4
n001145,type4
n005892,type4
n002463,type3
n007517,type5
n003931,type4
n005024,type4
n003989,type4
n008732,type5
n006822,type3
n001795,type4
n007247,type4
n002110,type5
n004390,type5
n001216,type4
n001222,type4
n002206,type4
n003368,type3
n004995,type5
n009267,type4
n008010,type4
n009071,type4
n004263,type4
n004500,type5
n006479,type4
n008752,type5
n005019,type5
n004819,type4
n007026,type5
n002368,type4
n008856,type4
n005265,type5
n002183,type4
n003817,type4
n000113,type4
n005241,type5
n008109,type5
n004784,type5
n000226,type5
n003655,type5
n008107,type5
n006377,type4
n004949,type4
n002012,type5
n004058,type4
n000329,type4
n003656,type4
n007144,type4
n007201,type5
n003965,type4
n008113,type4
n007455,type5
n006293,type5
n009248,type3
n000191,type5
n008587,type4
n001742,type5
n002910,type4
n007845,type4
n000875,type5
n003015,type5
n003038,type5
n004518,type5
n005424,type4
n006109,type4
n008162,type4
n007968,type4
n006024,type5
n007277,type4
n000737,type5
n000991,type6
n001804,type4
n002776,type4
n000635,type5
n006792,type4
n007675,type4
n005637,type4
n001681,type4
n005504,type4
n008146,type5
n005172,type4
n004322,type4
n001367,type4
n008504,type4
n001080,type4
n005661,type4
n005638,type6
n000712,type4
n001033,type4
n000888,type4
n005741,type4
n006359,type4
n003934,type4
n007760,type4
n001340,type4
n006187,type5
n005559,type4
n005919,type4
n008391,type4
n007718,type4
n002544,type5
n007499,type4
n003256,type4
n001690,type5
n007184,type4
n001227,type4
n006525,type4
n007733,type4
n007086,type4
n006991,type5
n005656,type4
n005667,type4
n008229,type5
n007090,type3
n007738,type3
n007639,type4
n003159,type3
n000914,type4
n002484,type4
n004091,type5
n001426,type4
n005547,type4
n004379,type4
n008685,type3
n003980,type4
n008204,type4
n001209,type5
n001564,type4
n005710,type4
n000536,type5
n006357,type5
n006508,type4
n005205,type4
n006697,type5
n004608,type4
n003616,type4
n000483,type4
n008959,type5
n008969,type4
n005375,type5
n002077,type5
n008885,type4
n004290,type4
n005202,type4
n001072,type4
n001116,type4
n004689,type4
n008480,type4
n007259,type4
n006355,type4
n006361,type4
n003890,type4
n002053,type5
n004576,type6
n000281,type4
n002660,type5
n003789,type4
n001445,type4
n008601,type4
n008620,type5
n007234,type5
n007665,type4
n001274,type5
n008627,type6
n007215,type5
n005255,type4
n005439,type4
n002863,type4
n004429,type4
n002221,type4
n004540,type4
n008184,type5
n003868,type4
n008419,type4
n000796,type5
n005412,type4
n002400,type4
n005342,type5
n008218,type4
n002746,type4
n002585,type4
n003168,type5
n005220,type4
n006548,type4
n003569,type4
n006275,type5
n001946,type4
n007034,type4
n001331,type4
n001210,type4
n006037,type5
n001005,type3
n003930,type4
n000172,type5
n000094,type5
n005682,type4
n002207,type4
n008354,type4
n006823,type4
n003853,type5
n002822,type4
n002820,type4
n003637,type4
n001529,type5
n004841,type5
n005126,type4
n006629,type4
n003564,type3
n002541,type6
n007334,type4
n000378,type4
n003478,type4
n003990,type4
n001488,type4
n006378,type4
n001982,type5
n002260,type5
n005395,type4
n005857,type5
n005966,type4
n006844,type5
n005746,type4
n007644,type4
n008599,type4
n005072,type5
n007079,type5
n008625,type4
n006970,type5
n000679,type4
n000104,type5
n001644,type4
n007315,type4
n004303,type4
n000319,type4
n003376,type4
n007802,type4
n008462,type4
n004806,type5
n003177,type4
n003737,type4
n000597,type4
n006978,type4
n001459,type4
n003713,type4
n000751,type4
n004426,type4
n001582,type4
n005545,type5
n003900,type5
n003690,type5
n005785,type4
n004590,type4
n001871,type3
n004006,type6
n003131,type4
n008065,type4
n000811,type4
n006338,type4
n007655,type4
n006674,type5
n008794,type4
n001314,type4
n005718,type4
n003236,type5
n008938,type5
n002068,type4
n001183,type4
n006328,type4
n007052,type4
n006582,type4
n000137,type5
n000221,type4
n001457,type4
n003937,type5
n005030,type5
n002145,type4
n008379,type3
n003332,type4
n008769,type3
n005732,type5
n003084,type5
n006495,type5
n008550,type4
n004617,type4
n001431,type4
n006052,type3
n007730,type4
n004937,type6
n001706,type5
n002970,type4
n002099,type5
n004906,type4
n002220,type4
n008406,type4
n000282,type4
n009236,type4
n007840,type4
n009052,type5
n006907,type4
n005951,type4
n001237,type4
n007778,type4
n006162,type4
n001930,type5
n005119,type4
n004734,type4
n003416,type4
n001364,type4
n000354,type4
n001393,type4
n005589,type4
n002569,type4
n006220,type4
n002044,type4
n005999,type4
n006768,type6
n008944,type4
n004907,type5
n007959,type4
n004319,type4
n001056,type3
n008534,type5
n001028,type4
n003180,type4
n005273,type4
n003489,type4
n003055,type4
n004971,type4
n006815,type4
n003877,type4
n006331,type4
n003419,type5
n003605,type3
n003724,type4
n007426,type4
n004292,type5
n002435,type3
n003919,type4
n002083,type4
n008408,type4
n005821,type5
n008762,type4
n008131,type3
n009078,type4
n005526,type4
n005923,type5
n007343,type5
n003279,type4
n008432,type4
n008897,type3
n004501,type5
n003481,type4
n000532,type5
n003996,type5
n000703,type5
n008650,type4
n002814,type5
n002186,type4
n002129,type5
n002229,type5
n003163,type4
n002584,type4
n004654,type4
n001427,type4
n003956,type5
n001091,type4
n003618,type5
n004262,type4
n007446,type4
n005229,type4
n005878,type4
n003191,type5
n003392,type4
n007073,type4
n005947,type4
n001607,type5
n006119,type4
n002548,type3
n000358,type5
n007286,type5
n000286,type4
n005253,type4
n007595,type5
n004443,type4
n001880,type5
n004272,type5
n008741,type4
n007120,type5
n007058,type5
n000768,type4
n006125,type4
n008564,type4
n008153,type4
n008449,type4
n008289,type4
n005957,type4
n007325,type5
n005790,type5
n006464,type4
n008247,type5
n003861,type4
n000946,type4
n008327,type5
n007410,type4
n008816,type4
n003709,type4
n001334,type4
n003685,type4
n003422,type4
n002116,type5
n005803,type5
n007726,type4
n009188,type4
n001925,type5
n007686,type4
n006743,type4
n001213,type4
n002323,type4
n007780,type4
n003203,type3
n004697,type4
n002295,type6
n004567,type4
n006849,type5
n001357,type4
n002680,type5
n006188,type4
n007569,type4
n001264,type5
n005927,type5
n002430,type4
n003425,type5
n004959,type5
n001896,type4
n000680,type4
n005991,type4
n001128,type5
n005765,type4
n002112,type4
n000440,type4
n000953,type4
n006287,type4
n005199,type4
n008873,type4
n006652,type4
n000871,type6
n005642,type4
n001731,type5
n006083,type5
n008867,type4
n004488,type4
n007992,type4
n005904,type4
n002764,type5
n005608,type3
n004177,type4
n001758,type4
n003968,type4
n003997,type6
n006480,type3
n008834,type4
n007716,type4
n006877,type4
n004688,type4
n007179,type4
n009153,type5
n008321,type4
n006816,type4
n001101,type4
n007826,type4
n007207,type4
n000164,type5
n006493,type4
n006585,type4
n006045,type5
n007063,type4
n001070,type5
n004275,type4
n008104,type4
n000952,type5
n000131,type4
n006692,type4
n005144,type4
n003573,type4
n003426,type4
n005700,type4
n005796,type5
n007392,type3
n008813,type3
n007155,type5
n006080,type4
n003657,type5
n003977,type4
n002333,type4
n003645,type4
n003528,type4
n000463,type4
n001842,type4
n007204,type5
n008692,type5
n001664,type4
n002708,type4
n008802,type4
n000812,type4
n006526,type4
n000882,type5
n005578,type4
n000049,type4
n003216,type4
n002902,type4
n006891,type4
n005546,type4
n008800,type4
n002156,type5
n003816,type4
n001670,type4
n007763,type4
n001748,type4
n000127,type5
n008070,type4
n003948,type4
n006291,type3
n004797,type4
n004028,type6
n001899,type4
n001497,type3
n001624,type3
n002785,type4
n007694,type4
n006392,type4
n006290,type3
n007460,type5
n006310,type5
n000670,type5
n002605,type4
n004780,type4
n000167,type4
n000362,type5
n002433,type3
n005348,type4
n000960,type4
n004460,type4
n000955,type5
n006148,type6
n006436,type4
n008525,type4
n000512,type4
n002905,type5
n004451,type4
n002078,type5
n005419,type5
n005175,type4
n003521,type5
n002095,type4
n003759,type4
n003631,type4
n002164,type4
n008864,type5
n000262,type4
n008892,type4
n008736,type4
n007798,type4
n000381,type4
n002054,type4
n007213,type4
n001620,type4
n005460,type4
n004893,type4
n005995,type5
n000461,type4
n006232,type3
n009277,type4
n000866,type4
n009089,type4
n000475,type5
n002852,type5
n002107,type3
n005358,type4
n008365,type4
n008905,type6
n009049,type4
n008052,type4
n001484,type5
n007188,type4
n008111,type4
n001514,type4
n001240,type6
n002748,type5
n002122,type4
n004585,type4
n001121,type5
n001470,type4
n000718,type5
n006505,type5
n008848,type4
n004228,type4
n006536,type4
n008068,type4
n004438,type4
n002919,type5
n004092,type4
n008298,type4
n001280,type6
n000036,type5
n006364,type4
n001375,type3
n000476,type5
n005251,type5
n001751,type4
n004668,type4
n002667,type3
n008951,type6
n007468,type4
n003960,type5
n004492,type6
n006072,type4
n000649,type4
n004615,type4
n000830,type5
n006390,type3
n001892,type4
n000438,type4
n001855,type4
n001729,type4
n003112,type6
n000014,type5
n002645,type4
n003348,type4
n008189,type4
n005018,type4
n006261,type4
n004796,type6
n004646,type4
n001988,type5
n006061,type4
n007607,type4
n002886,type4
n000266,type4
n004944,type5
n005447,type5
n005888,type3
n005345,type4
n001716,type6
n003680,type3
n001573,type4
n004991,type4
n004122,type5
n000729,type3
n002683,type4
n000222,type4
n006667,type4
n008305,type4
n004766,type5
n005496,type4
n008168,type4
n008753,type4
n006171,type3
n003844,type4
n005420,type4
n003147,type5
n007235,type4
n001865,type6
n004966,type5
n000067,type4
n003733,type4
n003683,type4
n003523,type4
n006606,type4
n007576,type5
n001996,type4
n005937,type4
n008961,type4
n007269,type5
n003160,type4
n005036,type4
n003711,type5
n005047,type4
n000817,type4
n001321,type4
n003149,type5
n003036,type5
n000220,type5
n004327,type5
n001016,type4
n008281,type4
n007489,type5
n004335,type5
n000581,type4
n002236,type4
n004732,type4
n003821,type4
n005970,type4
n001747,type4
n005392,type4
n004284,type4
n001696,type4
n008768,type4
n003530,type5
n001985,type5
n006350,type4
n008686,type5
n004171,type4
n004727,type5
n008532,type4
n000007,type5
n006867,type4
n002808,type4
n001046,type6
n007336,type5
n003826,type4
n005566,type4
n005066,type4
n006157,type3
n009231,type4
n008583,type5
n001246,type4
n003077,type4
n004832,type4
n000570,type5
n002016,type3
n007186,type4
n002299,type4
n003549,type4
n004393,type4
n005387,type4
n008025,type3
n001067,type4
n001330,type4
n004655,type4
n008903,type4
n008000,type4
n007080,type4
n002449,type4
n002911,type4
n005587,type4
n007001,type3
n000604,type4
n006253,type4
n008995,type5
n006140,type4
n006296,type4
n008089,type3
n003788,type4
n004768,type6
n004359,type4
n000910,type4
n004105,type5
n003545,type4
n007538,type3
n008722,type4
n008283,type4
n006558,type4
n000237,type4
n002008,type4
n003028,type4
n001784,type3
n004577,type5
n000699,type5
n007195,type4
n004731,type5
n006222,type4
n002913,type4
n000995,type4
n000194,type3
n000162,type4
n005400,type4
n002376,type4
n000569,type4
n007956,type4
n009244,type5
n003621,type4
n001728,type6
n008287,type4
n000456,type4
n003310,type4
n008591,type4
n006894,type4
n006351,type4
n005268,type4
n004502,type4
n005515,type4
n009167,type4
n000719,type4
n004748,type4
n000911,type4
n001129,type4
n007373,type4
n005789,type4
n005083,type3
n000567,type4
n006893,type4
n005277,type4
n002125,type5
n005296,type5
n000747,type4
n006684,type4
n007933,type4
n008698,type4
n006388,type4
n005739,type4
n007402,type4
n001974,type5
n002926,type4
n006257,type5
n009151,type4
n003944,type5
n003975,type4
n006423,type5
n008309,type4
n007880,type4
n006566,type4
n007443,type4
n007962,type5
n008547,type5
n005936,type4
n001392,type5
n001568,type4
n002118,type4
n000864,type5
n007697,type5
n000879,type5
n007451,type5
n008832,type4
n004707,type4
n002353,type4
n008697,type4
n000472,type4
n002847,type4
n006804,type4
n004921,type5
n000792,type4
n000296,type4
n002360,type4
n009098,type4
n000690,type5
n007128,type4
n000674,type5
n002251,type4
n004249,type5
n000039,type4
n001361,type4
n003699,type4
n001593,type4
n001226,type3
n006921,type4
n003338,type4
n003820,type4
n008494,type6
n005182,type4
n001160,type4
n005918,type4
n004529,type4
n006243,type4
n002188,type4
n002479,type4
n001077,type4
n000214,type4
n002640,type3
n003061,type4
n008836,type4
n005014,type3
n005737,type4
n002089,type3
n003543,type4
n002286,type4
n000892,type4
n006264,type4
n002815,type5
n007360,type4
n001922,type4
n002862,type4
n000804,type4
n002651,type4
n004186,type4
n003797,type4
n003135,type5
n000037,type4
n000628,type4
n002436,type4
n002927,type4
n002580,type5
n004770,type4
n000500,type4
n005871,type5
n006895,type4
n000962,type4
n005846,type4
n007875,type4
n006469,type4
n005133,type4
n007278,type5
n008965,type4
n007777,type4
n000771,type5
n004386,type5
n004453,type5
n000903,type4
n003017,type5
n000885,type4
n001790,type5
n002617,type5
n005243,type4
n005370,type5
n005760,type3
n006977,type4
n002742,type5
n001990,type6
n008500,type5
n006363,type4
n006191,type4
n006292,type5
n006534,type4
n002442,type4
n003188,type4
n002967,type5
n007554,type4
n006616,type4
n008639,type4
n001175,type4
n005454,type4
n008011,type3
n000735,type4
n006485,type4
n002086,type4
n006553,type5
n004115,type4
n006545,type5
n005716,type4
n007851,type4
n006866,type4
n007589,type4
n001752,type4
n008638,type4
n006510,type4
n000704,type4
n006969,type4
n005050,type6
n005174,type4
n004737,type4
n004880,type4
n005522,type4
n007040,type4
n006966,type4
n002951,type4
n008680,type4
n003576,type4
n008219,type4
n001310,type5
n008614,type4
n008120,type4
n000715,type4
n008253,type4
n008459,type4
n009265,type3
n000741,type4
n002337,type4
n005976,type5
n009215,type5
n009067,type4
n000661,type4
n001142,type5
n007520,type5
n006033,type4
n003710,type3
n006370,type3
n005987,type4
n003197,type4
n005544,type4
n001932,type5
n008280,type1
n002210,type4
n003801,type3
n001698,type4
n006917,type5
n007045,type4
n000745,type4
n006200,type4
n002693,type4
n009212,type5
n004505,type5
n007332,type4
n009259,type4
n002557,type4
n000584,type4
n003418,type5
n001365,type4
n008474,type4
n005779,type4
n003219,type4
n004057,type4
n005033,type4
n009037,type4
n000231,type4
n004950,type4
n007099,type4
n006391,type4
n004862,type4
n008667,type4
n001840,type3
n006846,type3
n009057,type5
n000291,type4
n005759,type4
n009075,type4
n006233,type4
n001548,type4
n002622,type4
n001385,type4
n000495,type4
n007427,type4
n003120,type4
n008696,type4
n001555,type5
n004940,type5
n003162,type4
n000407,type4
n005855,type4
n000166,type4
n006417,type4
n008759,type4
n008265,type4
n000898,type4
n006314,type4
n006444,type4
n008078,type4
n003286,type5
n008367,type4
n007605,type1
n007967,type5
n005571,type4
n000521,type4
n007653,type4
n003607,type4
n003546,type5
n007356,type4
n001336,type3
n005645,type6
n003533,type4
n005344,type4
n000464,type4
n008581,type4
n007514,type4
n007586,type5
n009106,type4
n001369,type4
n006700,type4
n003010,type3
n004097,type4
n000541,type4
n002560,type4
n002895,type5
n006754,type4
n008970,type4
n001764,type4
n000320,type4
n002787,type6
n004045,type4
n008594,type5
n004942,type4
n008267,type4
n006242,type3
n000307,type5
n006327,type4
n005467,type5
n006437,type4
n006598,type4
n002589,type5
n006758,type4
n008071,type4
n003343,type5
n007579,type3
n006892,type4
n004703,type4
n001455,type4
n007431,type4
n000678,type4
n007024,type4
n002441,type4
n006346,type4
n000887,type4
n000709,type4
n005269,type4
n005012,type4
n003350,type4
n007078,type4
n004014,type4
n003845,type5
n007891,type4
n003176,type4
n005286,type5
n008920,type4
n004323,type5
n003204,type4
n002987,type3
n001396,type4
n002739,type4
n005658,type4
n000183,type4
n007815,type4
n006174,type4
n002057,type4
n004452,type4
n005560,type5
n002593,type4
n001835,type5
n008039,type4
n006611,type4
n001746,type4
n000375,type4
n000038,type4
n004004,type4
n000467,type4
n003271,type4
n001822,type4
n007469,type4
n000019,type4
n004210,type4
n008542,type4
n007969,type4
n000186,type4
n005457,type4
n005469,type4
n001962,type4
n002513,type5
n002316,type5
n007388,type4
n007312,type5
n002022,type4
n001283,type5
n003735,type4
n000642,type4
n008170,type3
n004116,type4
n007506,type3
n006721,type3
n007012,type5
n008963,type5
n005528,type5
n006913,type4
n005001,type5
n007011,type4
n007737,type4
n000300,type4
n003978,type3
n006146,type3
n001502,type5
n002909,type6
n005298,type4
n009246,type4
n008466,type4
n001152,type4
n003693,type4
n001201,type4
n001014,type4
n005509,type5
n007025,type4
n008909,type4
n008148,type3
n002340,type4
n003272,type4
n002393,type3
n001166,type4
n007256,type4
n005740,type4
n000725,type5
n005673,type4
n006546,type4
n000437,type4
n002302,type4
n006499,type5
n004522,type5
n001170,type5
n003439,type4
n000886,type4
n002978,type4
n007860,type4
n008605,type4
n001517,type5
n003320,type4
n006203,type3
n008210,type4
n001326,type4
n003696,type4
n000994,type4
n006705,type4
n003259,type3
n008966,type4
n005390,type4
n008551,type5
n009170,type4
n002230,type4
n006673,type5
n002308,type4
n002120,type4
n003069,type5
n006670,type5
n007407,type4
n002325,type4
n002780,type4
n001638,type4
n000278,type4
n006550,type4
n007480,type4
n007719,type5
n004129,type4
n007267,type4
n003175,type5
n007145,type5
n008002,type4
n002137,type4
n002362,type4
n001058,type5
n005051,type3
n008160,type5
n002404,type4
n007846,type4
n009086,type4
n008095,type4
n003587,type4
n001560,type4
n003102,type4
n003441,type4
n009276,type6
n008517,type4
n007912,type4
n006506,type4
n000218,type4
n008548,type4
n000899,type4
n006594,type5
n000622,type4
n008497,type4
n004427,type4
n003431,type4
n003593,type4
n001623,type4
n003186,type5
n002073,type4
n007731,type4
n008118,type6
n002278,type3
n000285,type4
n008689,type5
n004059,type4
n003088,type4
n007092,type4
n002977,type4
n008652,type4
n005650,type4
n003510,type4
n002272,type4
n001980,type4
n001464,type4
n002150,type5
n004687,type3
n008891,type4
n004774,type4
n003253,type4
n002606,type4
n001448,type4
n007310,type6
n002234,type4
n003529,type5
n006476,type4
n003472,type3
n009138,type5
n000809,type4
n003976,type4
n006477,type5
n007747,type4
n001861,type4
n003869,type4
n008372,type4
n007866,type5
n001720,type4
n003800,type4
n001394,type4
n002758,type4
n004513,type5
n000692,type4
n008533,type4
n001157,type4
n001947,type4
n006244,type6
n007683,type4
n003641,type4
n003909,type4
n001864,type4
n004611,type4
n005402,type4
n003915,type4
n007100,type6
n002958,type4
n002450,type4
n006661,type4
n003494,type5
n001959,type4
n004625,type4
n005516,type5
n003941,type4
n008075,type4
n005052,type5
n007801,type4
n002410,type5
n001106,type4
n002303,type4
n001006,type4
n005901,type3
n004128,type5
n005535,type4
n001949,type4
n000110,type3
n003437,type4
n004351,type5
n007752,type4
n002788,type5
n004001,type4
n006280,type5
n005615,type5
n003957,type4
n004194,type4
n000180,type4
n004126,type4
n000406,type4
n000192,type4
n006122,type4
n005628,type4
n008132,type4
n007939,type5
n002363,type4
n008571,type4
n005311,type4
n004296,type5
n008862,type5
n006529,type4
n001915,type4
n002128,type4
n008346,type5
n002985,type5
n008044,type4
n001281,type4
n008791,type5
n003268,type5
n007130,type4
n006160,type3
n007319,type5
n009266,type4
n004416,type3
n006059,type3
n006940,type4
n001214,type4
n001632,type4
n002488,type3
n005721,type4
n003110,type4
n008997,type5
n004083,type4
n001420,type4
n007796,type4
n007394,type5
n001490,type4
n008258,type4
n006948,type4
n001652,type4
n006956,type4
n001148,type4
n005899,type4
n003848,type4
n008596,type4
n007693,type4
n006060,type4
n000023,type4
n006843,type5
n003982,type4
n001250,type4
n002521,type4
n007848,type5
n003465,type4
n006093,type4
n008041,type4
n000426,type4
n008913,type4
n005357,type5
n003796,type4
n001689,type4
n001373,type4
n000627,type4
n009147,type4
n002126,type5
n000013,type4
n001570,type5
n001061,type4
n006855,type4
n006329,type5
n007613,type4
n003908,type4
n004206,type4
n000739,type4
n005742,type4
n000076,type5
n002011,type4
n005941,type4
n003221,type5
n008114,type4
n007448,type4
n000987,type5
n008645,type5
n002098,type4
n007172,type4
n004853,type4
n004849,type4
n008119,type4
n007808,type4
n000247,type4
n008549,type4
n008330,type5
n007019,type6
n006201,type4
n008977,type4
n004222,type4
n009122,type4
n000494,type4
n009110,type5
n002060,type4
n004614,type3
n007814,type6
n007672,type5
n001411,type4
n004326,type4
n002428,type4
n004901,type4
n002176,type4
n005862,type4
n004348,type5
n000841,type4
n007007,type4
n002525,type4
n003988,type4
n001308,type4
n001511,type4
n009135,type4
n006671,type4
n001895,type4
n003169,type4
n002367,type4
n007196,type4
n002163,type5
n000371,type5
n009047,type4
n004164,type4
n006031,type5
n006360,type4
n002021,type4
n005107,type4
n002912,type4
n007568,type4
n008863,type4
n006383,type4
n001038,type4
n008943,type4
n005270,type4
n004762,type4
n007770,type4
n000323,type4
n001286,type4
n001639,type4
n007723,type4
n006773,type4
n003019,type4
n000900,type4
n005886,type4
n002172,type3
n001673,type5
n002131,type4
n008671,type4
n003949,type4
n006716,type4
n007069,type4
n003291,type4
n008394,type5
n001615,type3
n001544,type4
n008787,type4
n003266,type4
n000349,type4
n003358,type5
n005003,type4
n004981,type5
n004185,type4
n002067,type5
n008038,type4
n007513,type6
n008369,type4
n002276,type4
n000967,type4
n002297,type4
n000400,type5
n004979,type4
n001566,type4
n001229,type4
n002345,type4
n001179,type5
n007661,type4
n005408,type4
n008742,type4
n003333,type4
n003475,type4
n000698,type4
n005659,type5
n008380,type4
n002237,type4
n008770,type5
n006078,type4
n007198,type6
n001500,type4
n005925,type4
n001450,type5
n002002,type4
n005476,type4
n001668,type4
n004670,type4
n003651,type4
n006744,type4
n001697,type4
n002530,type4
n008915,type4
n000010,type4
n005152,type5
n002135,type4
n000139,type3
n006345,type4
n002706,type4
n002577,type4
n003647,type4
n001954,type4
n001019,type4
n003078,type4
n002111,type4
n004270,type4
n008728,type5
n000822,type5
n002700,type5
n002542,type5
n003274,type4
n007398,type5
n008145,type4
n005646,type5
n002364,type4
n008491,type4
n004434,type4
n007174,type4
n003025,type4
n009007,type4
n005227,type4
n002754,type5
n004382,type5
n008896,type4
n007403,type5
n000271,type4
n005031,type4
n003613,type4
n006077,type5
n007643,type4
n002722,type4
n000646,type5
n001505,type4
n005768,type4
n000466,type4
n005206,type3
n004479,type6
n000540,type5
n006900,type4
n006337,type4
n004845,type5
n005415,type4
n008154,type4
n004121,type3
n003473,type5
n008359,type4
n002036,type4
n007414,type4
n004861,type5
n006427,type4
n001048,type4
n000728,type4
n006799,type4
n006341,type4
n003577,type4
n002790,type4
n003064,type5
n008125,type4
n008090,type5
n004875,type4
n007003,type4
n006528,type4
n006248,type4
n005169,type4
n001869,type4
n008360,type4
n006724,type4
n005514,type4
n002665,type4
n002675,type4
n001911,type4
n000238,type4
n004192,type4
n001176,type5
n006000,type4
n007755,type4
n008861,type4
n007603,type5
n004470,type4
n006973,type4
n008073,type4
n001718,type4
